lv,hp,str,vit,int,agi,luk,vis
1,500,10,10,10,10,10,10
2,550,20,20,20,20,20,20
3,600,30,30,30,30,30,30
4,650,40,40,40,40,40,40
5,700,50,50,50,50,50,50
6,750,60,60,60,60,60,60
7,800,70,70,70,70,70,70
8,850,80,80,80,80,80,80
9,900,90,90,90,90,90,90
10,950,100,100,100,100,100,100
11,1000,110,110,110,110,110,110
12,1050,120,120,120,120,120,120
13,1100,130,130,130,130,130,130
14,1150,140,140,140,140,140,140
15,1200,150,150,150,150,150,150
16,1250,160,160,160,160,160,160
17,1300,170,170,170,170,170,170
18,1350,180,180,180,180,180,180
19,1400,190,190,190,190,190,190
20,1450,200,200,200,200,200,200
21,1500,210,210,210,210,210,210
22,1550,220,220,220,220,220,220
23,1600,230,230,230,230,230,230
24,1650,240,240,240,240,240,240
25,1700,250,250,250,250,250,250
26,1750,260,260,260,260,260,260
27,1800,270,270,270,270,270,270
28,1850,280,280,280,280,280,280
29,1900,290,290,290,290,290,290
30,1950,300,300,300,300,300,300
31,2000,310,310,310,310,310,310
32,2050,320,320,320,320,320,320
33,2100,330,330,330,330,330,330
34,2150,340,340,340,340,340,340
35,2200,350,350,350,350,350,350
36,2250,360,360,360,360,360,360
37,2300,370,370,370,370,370,370
38,2350,380,380,380,380,380,380
39,2400,390,390,390,390,390,390
40,2450,400,400,400,400,400,400
41,2500,410,410,410,410,410,410
42,2550,420,420,420,420,420,420
43,2600,430,430,430,430,430,430
44,2650,440,440,440,440,440,440
45,2700,450,450,450,450,450,450
46,2750,460,460,460,460,460,460
47,2800,470,470,470,470,470,470
48,2850,480,480,480,480,480,480
49,2900,490,490,490,490,490,490
50,2950,500,500,500,500,500,500
51,3000,510,510,510,510,510,510
52,3050,520,520,520,520,520,520
53,3100,530,530,530,530,530,530
54,3150,540,540,540,540,540,540
55,3200,550,550,550,550,550,550
56,3250,560,560,560,560,560,560
57,3300,570,570,570,570,570,570
58,3350,580,580,580,580,580,580
59,3400,590,590,590,590,590,590
60,3450,600,600,600,600,600,600
61,3500,610,610,610,610,610,610
62,3550,620,620,620,620,620,620
63,3600,630,630,630,630,630,630
64,3650,640,640,640,640,640,640
65,3700,650,650,650,650,650,650
66,3750,660,660,660,660,660,660
67,3800,670,670,670,670,670,670
68,3850,680,680,680,680,680,680
69,3900,690,690,690,690,690,690
70,3950,700,700,700,700,700,700
71,4000,710,710,710,710,710,710
72,4050,720,720,720,720,720,720
73,4100,730,730,730,730,730,730
74,4150,740,740,740,740,740,740
75,4200,750,750,750,750,750,750
76,4250,760,760,760,760,760,760
77,4300,770,770,770,770,770,770
78,4350,780,780,780,780,780,780
79,4400,790,790,790,790,790,790
80,4450,800,800,800,800,800,800
81,4500,810,810,810,810,810,810
82,4550,820,820,820,820,820,820
83,4600,830,830,830,830,830,830
84,4650,840,840,840,840,840,840
85,4700,850,850,850,850,850,850
86,4750,860,860,860,860,860,860
87,4800,870,870,870,870,870,870
88,4850,880,880,880,880,880,880
89,4900,890,890,890,890,890,890
90,4950,900,900,900,900,900,900
91,5000,910,910,910,910,910,910
92,5050,920,920,920,920,920,920
93,5100,930,930,930,930,930,930
94,5150,940,940,940,940,940,940
95,5200,950,950,950,950,950,950
96,5250,960,960,960,960,960,960
97,5300,970,970,970,970,970,970
98,5350,980,980,980,980,980,980
99,5400,990,990,990,990,990,990
100,5450,1000,1000,1000,1000,1000,1000
101,5500,1010,1010,1010,1010,1010,1010
102,5550,1020,1020,1020,1020,1020,1020
103,5600,1030,1030,1030,1030,1030,1030
104,5650,1040,1040,1040,1040,1040,1040
105,5700,1050,1050,1050,1050,1050,1050
106,5750,1060,1060,1060,1060,1060,1060
107,5800,1070,1070,1070,1070,1070,1070
108,5850,1080,1080,1080,1080,1080,1080
109,5900,1090,1090,1090,1090,1090,1090
110,5950,1100,1100,1100,1100,1100,1100
111,6000,1110,1110,1110,1110,1110,1110
112,6050,1120,1120,1120,1120,1120,1120
113,6100,1130,1130,1130,1130,1130,1130
114,6150,1140,1140,1140,1140,1140,1140
115,6200,1150,1150,1150,1150,1150,1150
116,6250,1160,1160,1160,1160,1160,1160
117,6300,1170,1170,1170,1170,1170,1170
118,6350,1180,1180,1180,1180,1180,1180
119,6400,1190,1190,1190,1190,1190,1190
120,6450,1200,1200,1200,1200,1200,1200
121,6500,1210,1210,1210,1210,1210,1210
122,6550,1220,1220,1220,1220,1220,1220
123,6600,1230,1230,1230,1230,1230,1230
124,6650,1240,1240,1240,1240,1240,1240
125,6700,1250,1250,1250,1250,1250,1250
126,6750,1260,1260,1260,1260,1260,1260
127,6800,1270,1270,1270,1270,1270,1270
128,6850,1280,1280,1280,1280,1280,1280
129,6900,1290,1290,1290,1290,1290,1290
130,6950,1300,1300,1300,1300,1300,1300
131,7000,1310,1310,1310,1310,1310,1310
132,7050,1320,1320,1320,1320,1320,1320
133,7100,1330,1330,1330,1330,1330,1330
134,7150,1340,1340,1340,1340,1340,1340
135,7200,1350,1350,1350,1350,1350,1350
136,7250,1360,1360,1360,1360,1360,1360
137,7300,1370,1370,1370,1370,1370,1370
138,7350,1380,1380,1380,1380,1380,1380
139,7400,1390,1390,1390,1390,1390,1390
140,7450,1400,1400,1400,1400,1400,1400
141,7500,1410,1410,1410,1410,1410,1410
142,7550,1420,1420,1420,1420,1420,1420
143,7600,1430,1430,1430,1430,1430,1430
144,7650,1440,1440,1440,1440,1440,1440
145,7700,1450,1450,1450,1450,1450,1450
146,7750,1460,1460,1460,1460,1460,1460
147,7800,1470,1470,1470,1470,1470,1470
148,7850,1480,1480,1480,1480,1480,1480
149,7900,1490,1490,1490,1490,1490,1490
150,7950,1500,1500,1500,1500,1500,1500
151,8000,1510,1510,1510,1510,1510,1510
152,8050,1520,1520,1520,1520,1520,1520
153,8100,1530,1530,1530,1530,1530,1530
154,8150,1540,1540,1540,1540,1540,1540
155,8200,1550,1550,1550,1550,1550,1550
156,8250,1560,1560,1560,1560,1560,1560
157,8300,1570,1570,1570,1570,1570,1570
158,8350,1580,1580,1580,1580,1580,1580
159,8400,1590,1590,1590,1590,1590,1590
160,8450,1600,1600,1600,1600,1600,1600
161,8500,1610,1610,1610,1610,1610,1610
162,8550,1620,1620,1620,1620,1620,1620
163,8600,1630,1630,1630,1630,1630,1630
164,8650,1640,1640,1640,1640,1640,1640
165,8700,1650,1650,1650,1650,1650,1650
166,8750,1660,1660,1660,1660,1660,1660
167,8800,1670,1670,1670,1670,1670,1670
168,8850,1680,1680,1680,1680,1680,1680
169,8900,1690,1690,1690,1690,1690,1690
170,8950,1700,1700,1700,1700,1700,1700
171,9000,1710,1710,1710,1710,1710,1710
172,9050,1720,1720,1720,1720,1720,1720
173,9100,1730,1730,1730,1730,1730,1730
174,9150,1740,1740,1740,1740,1740,1740
175,9200,1750,1750,1750,1750,1750,1750
176,9250,1760,1760,1760,1760,1760,1760
177,9300,1770,1770,1770,1770,1770,1770
178,9350,1780,1780,1780,1780,1780,1780
179,9400,1790,1790,1790,1790,1790,1790
180,9450,1800,1800,1800,1800,1800,1800
181,9500,1810,1810,1810,1810,1810,1810
182,9550,1820,1820,1820,1820,1820,1820
183,9600,1830,1830,1830,1830,1830,1830
184,9650,1840,1840,1840,1840,1840,1840
185,9700,1850,1850,1850,1850,1850,1850
186,9750,1860,1860,1860,1860,1860,1860
187,9800,1870,1870,1870,1870,1870,1870
188,9850,1880,1880,1880,1880,1880,1880
189,9900,1890,1890,1890,1890,1890,1890
190,9950,1900,1900,1900,1900,1900,1900
191,10000,1910,1910,1910,1910,1910,1910
192,10050,1920,1920,1920,1920,1920,1920
193,10100,1930,1930,1930,1930,1930,1930
194,10150,1940,1940,1940,1940,1940,1940
195,10200,1950,1950,1950,1950,1950,1950
196,10250,1960,1960,1960,1960,1960,1960
197,10300,1970,1970,1970,1970,1970,1970
198,10350,1980,1980,1980,1980,1980,1980
199,10400,1990,1990,1990,1990,1990,1990
200,10450,2000,2000,2000,2000,2000,2000
201,10500,2010,2010,2010,2010,2010,2010
202,10550,2020,2020,2020,2020,2020,2020
203,10600,2030,2030,2030,2030,2030,2030
204,10650,2040,2040,2040,2040,2040,2040
205,10700,2050,2050,2050,2050,2050,2050
206,10750,2060,2060,2060,2060,2060,2060
207,10800,2070,2070,2070,2070,2070,2070
208,10850,2080,2080,2080,2080,2080,2080
209,10900,2090,2090,2090,2090,2090,2090
210,10950,2100,2100,2100,2100,2100,2100
211,11000,2110,2110,2110,2110,2110,2110
212,11050,2120,2120,2120,2120,2120,2120
213,11100,2130,2130,2130,2130,2130,2130
214,11150,2140,2140,2140,2140,2140,2140
215,11200,2150,2150,2150,2150,2150,2150
216,11250,2160,2160,2160,2160,2160,2160
217,11300,2170,2170,2170,2170,2170,2170
218,11350,2180,2180,2180,2180,2180,2180
219,11400,2190,2190,2190,2190,2190,2190
220,11450,2200,2200,2200,2200,2200,2200
221,11500,2210,2210,2210,2210,2210,2210
222,11550,2220,2220,2220,2220,2220,2220
223,11600,2230,2230,2230,2230,2230,2230
224,11650,2240,2240,2240,2240,2240,2240
225,11700,2250,2250,2250,2250,2250,2250
226,11750,2260,2260,2260,2260,2260,2260
227,11800,2270,2270,2270,2270,2270,2270
228,11850,2280,2280,2280,2280,2280,2280
229,11900,2290,2290,2290,2290,2290,2290
230,11950,2300,2300,2300,2300,2300,2300
231,12000,2310,2310,2310,2310,2310,2310
232,12050,2320,2320,2320,2320,2320,2320
233,12100,2330,2330,2330,2330,2330,2330
234,12150,2340,2340,2340,2340,2340,2340
235,12200,2350,2350,2350,2350,2350,2350
236,12250,2360,2360,2360,2360,2360,2360
237,12300,2370,2370,2370,2370,2370,2370
238,12350,2380,2380,2380,2380,2380,2380
239,12400,2390,2390,2390,2390,2390,2390
240,12450,2400,2400,2400,2400,2400,2400
241,12500,2410,2410,2410,2410,2410,2410
242,12550,2420,2420,2420,2420,2420,2420
243,12600,2430,2430,2430,2430,2430,2430
244,12650,2440,2440,2440,2440,2440,2440
245,12700,2450,2450,2450,2450,2450,2450
246,12750,2460,2460,2460,2460,2460,2460
247,12800,2470,2470,2470,2470,2470,2470
248,12850,2480,2480,2480,2480,2480,2480
249,12900,2490,2490,2490,2490,2490,2490
250,12950,2500,2500,2500,2500,2500,2500
251,13000,2510,2510,2510,2510,2510,2510
252,13050,2520,2520,2520,2520,2520,2520
253,13100,2530,2530,2530,2530,2530,2530
254,13150,2540,2540,2540,2540,2540,2540
255,13200,2550,2550,2550,2550,2550,2550
256,13250,2560,2560,2560,2560,2560,2560
257,13300,2570,2570,2570,2570,2570,2570
258,13350,2580,2580,2580,2580,2580,2580
259,13400,2590,2590,2590,2590,2590,2590
260,13450,2600,2600,2600,2600,2600,2600
261,13500,2610,2610,2610,2610,2610,2610
262,13550,2620,2620,2620,2620,2620,2620
263,13600,2630,2630,2630,2630,2630,2630
264,13650,2640,2640,2640,2640,2640,2640
265,13700,2650,2650,2650,2650,2650,2650
266,13750,2660,2660,2660,2660,2660,2660
267,13800,2670,2670,2670,2670,2670,2670
268,13850,2680,2680,2680,2680,2680,2680
269,13900,2690,2690,2690,2690,2690,2690
270,13950,2700,2700,2700,2700,2700,2700
271,14000,2710,2710,2710,2710,2710,2710
272,14050,2720,2720,2720,2720,2720,2720
273,14100,2730,2730,2730,2730,2730,2730
274,14150,2740,2740,2740,2740,2740,2740
275,14200,2750,2750,2750,2750,2750,2750
276,14250,2760,2760,2760,2760,2760,2760
277,14300,2770,2770,2770,2770,2770,2770
278,14350,2780,2780,2780,2780,2780,2780
279,14400,2790,2790,2790,2790,2790,2790
280,14450,2800,2800,2800,2800,2800,2800
281,14500,2810,2810,2810,2810,2810,2810
282,14550,2820,2820,2820,2820,2820,2820
283,14600,2830,2830,2830,2830,2830,2830
284,14650,2840,2840,2840,2840,2840,2840
285,14700,2850,2850,2850,2850,2850,2850
286,14750,2860,2860,2860,2860,2860,2860
287,14800,2870,2870,2870,2870,2870,2870
288,14850,2880,2880,2880,2880,2880,2880
289,14900,2890,2890,2890,2890,2890,2890
290,14950,2900,2900,2900,2900,2900,2900
291,15000,2910,2910,2910,2910,2910,2910
292,15050,2920,2920,2920,2920,2920,2920
293,15100,2930,2930,2930,2930,2930,2930
294,15150,2940,2940,2940,2940,2940,2940
295,15200,2950,2950,2950,2950,2950,2950
296,15250,2960,2960,2960,2960,2960,2960
297,15300,2970,2970,2970,2970,2970,2970
298,15350,2980,2980,2980,2980,2980,2980
299,15400,2990,2990,2990,2990,2990,2990
300,15450,3000,3000,3000,3000,3000,3000
301,15500,3010,3010,3010,3010,3010,3010
302,15550,3020,3020,3020,3020,3020,3020
303,15600,3030,3030,3030,3030,3030,3030
304,15650,3040,3040,3040,3040,3040,3040
305,15700,3050,3050,3050,3050,3050,3050
306,15750,3060,3060,3060,3060,3060,3060
307,15800,3070,3070,3070,3070,3070,3070
308,15850,3080,3080,3080,3080,3080,3080
309,15900,3090,3090,3090,3090,3090,3090
310,15950,3100,3100,3100,3100,3100,3100
311,16000,3110,3110,3110,3110,3110,3110
312,16050,3120,3120,3120,3120,3120,3120
313,16100,3130,3130,3130,3130,3130,3130
314,16150,3140,3140,3140,3140,3140,3140
315,16200,3150,3150,3150,3150,3150,3150
316,16250,3160,3160,3160,3160,3160,3160
317,16300,3170,3170,3170,3170,3170,3170
318,16350,3180,3180,3180,3180,3180,3180
319,16400,3190,3190,3190,3190,3190,3190
320,16450,3200,3200,3200,3200,3200,3200
321,16500,3210,3210,3210,3210,3210,3210
322,16550,3220,3220,3220,3220,3220,3220
323,16600,3230,3230,3230,3230,3230,3230
324,16650,3240,3240,3240,3240,3240,3240
325,16700,3250,3250,3250,3250,3250,3250
326,16750,3260,3260,3260,3260,3260,3260
327,16800,3270,3270,3270,3270,3270,3270
328,16850,3280,3280,3280,3280,3280,3280
329,16900,3290,3290,3290,3290,3290,3290
330,16950,3300,3300,3300,3300,3300,3300
331,17000,3310,3310,3310,3310,3310,3310
332,17050,3320,3320,3320,3320,3320,3320
333,17100,3330,3330,3330,3330,3330,3330
334,17150,3340,3340,3340,3340,3340,3340
335,17200,3350,3350,3350,3350,3350,3350
336,17250,3360,3360,3360,3360,3360,3360
337,17300,3370,3370,3370,3370,3370,3370
338,17350,3380,3380,3380,3380,3380,3380
339,17400,3390,3390,3390,3390,3390,3390
340,17450,3400,3400,3400,3400,3400,3400
341,17500,3410,3410,3410,3410,3410,3410
342,17550,3420,3420,3420,3420,3420,3420
343,17600,3430,3430,3430,3430,3430,3430
344,17650,3440,3440,3440,3440,3440,3440
345,17700,3450,3450,3450,3450,3450,3450
346,17750,3460,3460,3460,3460,3460,3460
347,17800,3470,3470,3470,3470,3470,3470
348,17850,3480,3480,3480,3480,3480,3480
349,17900,3490,3490,3490,3490,3490,3490
350,17950,3500,3500,3500,3500,3500,3500
351,18000,3510,3510,3510,3510,3510,3510
352,18050,3520,3520,3520,3520,3520,3520
353,18100,3530,3530,3530,3530,3530,3530
354,18150,3540,3540,3540,3540,3540,3540
355,18200,3550,3550,3550,3550,3550,3550
356,18250,3560,3560,3560,3560,3560,3560
357,18300,3570,3570,3570,3570,3570,3570
358,18350,3580,3580,3580,3580,3580,3580
359,18400,3590,3590,3590,3590,3590,3590
360,18450,3600,3600,3600,3600,3600,3600
361,18500,3610,3610,3610,3610,3610,3610
362,18550,3620,3620,3620,3620,3620,3620
363,18600,3630,3630,3630,3630,3630,3630
364,18650,3640,3640,3640,3640,3640,3640
365,18700,3650,3650,3650,3650,3650,3650
366,18750,3660,3660,3660,3660,3660,3660
367,18800,3670,3670,3670,3670,3670,3670
368,18850,3680,3680,3680,3680,3680,3680
369,18900,3690,3690,3690,3690,3690,3690
370,18950,3700,3700,3700,3700,3700,3700
371,19000,3710,3710,3710,3710,3710,3710
372,19050,3720,3720,3720,3720,3720,3720
373,19100,3730,3730,3730,3730,3730,3730
374,19150,3740,3740,3740,3740,3740,3740
375,19200,3750,3750,3750,3750,3750,3750
376,19250,3760,3760,3760,3760,3760,3760
377,19300,3770,3770,3770,3770,3770,3770
378,19350,3780,3780,3780,3780,3780,3780
379,19400,3790,3790,3790,3790,3790,3790
380,19450,3800,3800,3800,3800,3800,3800
381,19500,3810,3810,3810,3810,3810,3810
382,19550,3820,3820,3820,3820,3820,3820
383,19600,3830,3830,3830,3830,3830,3830
384,19650,3840,3840,3840,3840,3840,3840
385,19700,3850,3850,3850,3850,3850,3850
386,19750,3860,3860,3860,3860,3860,3860
387,19800,3870,3870,3870,3870,3870,3870
388,19850,3880,3880,3880,3880,3880,3880
389,19900,3890,3890,3890,3890,3890,3890
390,19950,3900,3900,3900,3900,3900,3900
391,20000,3910,3910,3910,3910,3910,3910
392,20050,3920,3920,3920,3920,3920,3920
393,20100,3930,3930,3930,3930,3930,3930
394,20150,3940,3940,3940,3940,3940,3940
395,20200,3950,3950,3950,3950,3950,3950
396,20250,3960,3960,3960,3960,3960,3960
397,20300,3970,3970,3970,3970,3970,3970
398,20350,3980,3980,3980,3980,3980,3980
399,20400,3990,3990,3990,3990,3990,3990
400,20450,4000,4000,4000,4000,4000,4000
401,20500,4010,4010,4010,4010,4010,4010
402,20550,4020,4020,4020,4020,4020,4020
403,20600,4030,4030,4030,4030,4030,4030
404,20650,4040,4040,4040,4040,4040,4040
405,20700,4050,4050,4050,4050,4050,4050
406,20750,4060,4060,4060,4060,4060,4060
407,20800,4070,4070,4070,4070,4070,4070
408,20850,4080,4080,4080,4080,4080,4080
409,20900,4090,4090,4090,4090,4090,4090
410,20950,4100,4100,4100,4100,4100,4100
411,21000,4110,4110,4110,4110,4110,4110
412,21050,4120,4120,4120,4120,4120,4120
413,21100,4130,4130,4130,4130,4130,4130
414,21150,4140,4140,4140,4140,4140,4140
415,21200,4150,4150,4150,4150,4150,4150
416,21250,4160,4160,4160,4160,4160,4160
417,21300,4170,4170,4170,4170,4170,4170
418,21350,4180,4180,4180,4180,4180,4180
419,21400,4190,4190,4190,4190,4190,4190
420,21450,4200,4200,4200,4200,4200,4200
421,21500,4210,4210,4210,4210,4210,4210
422,21550,4220,4220,4220,4220,4220,4220
423,21600,4230,4230,4230,4230,4230,4230
424,21650,4240,4240,4240,4240,4240,4240
425,21700,4250,4250,4250,4250,4250,4250
426,21750,4260,4260,4260,4260,4260,4260
427,21800,4270,4270,4270,4270,4270,4270
428,21850,4280,4280,4280,4280,4280,4280
429,21900,4290,4290,4290,4290,4290,4290
430,21950,4300,4300,4300,4300,4300,4300
431,22000,4310,4310,4310,4310,4310,4310
432,22050,4320,4320,4320,4320,4320,4320
433,22100,4330,4330,4330,4330,4330,4330
434,22150,4340,4340,4340,4340,4340,4340
435,22200,4350,4350,4350,4350,4350,4350
436,22250,4360,4360,4360,4360,4360,4360
437,22300,4370,4370,4370,4370,4370,4370
438,22350,4380,4380,4380,4380,4380,4380
439,22400,4390,4390,4390,4390,4390,4390
440,22450,4400,4400,4400,4400,4400,4400
441,22500,4410,4410,4410,4410,4410,4410
442,22550,4420,4420,4420,4420,4420,4420
443,22600,4430,4430,4430,4430,4430,4430
444,22650,4440,4440,4440,4440,4440,4440
445,22700,4450,4450,4450,4450,4450,4450
446,22750,4460,4460,4460,4460,4460,4460
447,22800,4470,4470,4470,4470,4470,4470
448,22850,4480,4480,4480,4480,4480,4480
449,22900,4490,4490,4490,4490,4490,4490
450,22950,4500,4500,4500,4500,4500,4500
451,23000,4510,4510,4510,4510,4510,4510
452,23050,4520,4520,4520,4520,4520,4520
453,23100,4530,4530,4530,4530,4530,4530
454,23150,4540,4540,4540,4540,4540,4540
455,23200,4550,4550,4550,4550,4550,4550
456,23250,4560,4560,4560,4560,4560,4560
457,23300,4570,4570,4570,4570,4570,4570
458,23350,4580,4580,4580,4580,4580,4580
459,23400,4590,4590,4590,4590,4590,4590
460,23450,4600,4600,4600,4600,4600,4600
461,23500,4610,4610,4610,4610,4610,4610
462,23550,4620,4620,4620,4620,4620,4620
463,23600,4630,4630,4630,4630,4630,4630
464,23650,4640,4640,4640,4640,4640,4640
465,23700,4650,4650,4650,4650,4650,4650
466,23750,4660,4660,4660,4660,4660,4660
467,23800,4670,4670,4670,4670,4670,4670
468,23850,4680,4680,4680,4680,4680,4680
469,23900,4690,4690,4690,4690,4690,4690
470,23950,4700,4700,4700,4700,4700,4700
471,24000,4710,4710,4710,4710,4710,4710
472,24050,4720,4720,4720,4720,4720,4720
473,24100,4730,4730,4730,4730,4730,4730
474,24150,4740,4740,4740,4740,4740,4740
475,24200,4750,4750,4750,4750,4750,4750
476,24250,4760,4760,4760,4760,4760,4760
477,24300,4770,4770,4770,4770,4770,4770
478,24350,4780,4780,4780,4780,4780,4780
479,24400,4790,4790,4790,4790,4790,4790
480,24450,4800,4800,4800,4800,4800,4800
481,24500,4810,4810,4810,4810,4810,4810
482,24550,4820,4820,4820,4820,4820,4820
483,24600,4830,4830,4830,4830,4830,4830
484,24650,4840,4840,4840,4840,4840,4840
485,24700,4850,4850,4850,4850,4850,4850
486,24750,4860,4860,4860,4860,4860,4860
487,24800,4870,4870,4870,4870,4870,4870
488,24850,4880,4880,4880,4880,4880,4880
489,24900,4890,4890,4890,4890,4890,4890
490,24950,4900,4900,4900,4900,4900,4900
491,25000,4910,4910,4910,4910,4910,4910
492,25050,4920,4920,4920,4920,4920,4920
493,25100,4930,4930,4930,4930,4930,4930
494,25150,4940,4940,4940,4940,4940,4940
495,25200,4950,4950,4950,4950,4950,4950
496,25250,4960,4960,4960,4960,4960,4960
497,25300,4970,4970,4970,4970,4970,4970
498,25350,4980,4980,4980,4980,4980,4980
499,25400,4990,4990,4990,4990,4990,4990
500,25450,5000,5000,5000,5000,5000,5000
501,25500,5010,5010,5010,5010,5010,5010
502,25550,5020,5020,5020,5020,5020,5020
503,25600,5030,5030,5030,5030,5030,5030
504,25650,5040,5040,5040,5040,5040,5040
505,25700,5050,5050,5050,5050,5050,5050
506,25750,5060,5060,5060,5060,5060,5060
507,25800,5070,5070,5070,5070,5070,5070
508,25850,5080,5080,5080,5080,5080,5080
509,25900,5090,5090,5090,5090,5090,5090
510,25950,5100,5100,5100,5100,5100,5100
511,26000,5110,5110,5110,5110,5110,5110
512,26050,5120,5120,5120,5120,5120,5120
513,26100,5130,5130,5130,5130,5130,5130
514,26150,5140,5140,5140,5140,5140,5140
515,26200,5150,5150,5150,5150,5150,5150
516,26250,5160,5160,5160,5160,5160,5160
517,26300,5170,5170,5170,5170,5170,5170
518,26350,5180,5180,5180,5180,5180,5180
519,26400,5190,5190,5190,5190,5190,5190
520,26450,5200,5200,5200,5200,5200,5200
521,26500,5210,5210,5210,5210,5210,5210
522,26550,5220,5220,5220,5220,5220,5220
523,26600,5230,5230,5230,5230,5230,5230
524,26650,5240,5240,5240,5240,5240,5240
525,26700,5250,5250,5250,5250,5250,5250
526,26750,5260,5260,5260,5260,5260,5260
527,26800,5270,5270,5270,5270,5270,5270
528,26850,5280,5280,5280,5280,5280,5280
529,26900,5290,5290,5290,5290,5290,5290
530,26950,5300,5300,5300,5300,5300,5300
531,27000,5310,5310,5310,5310,5310,5310
532,27050,5320,5320,5320,5320,5320,5320
533,27100,5330,5330,5330,5330,5330,5330
534,27150,5340,5340,5340,5340,5340,5340
535,27200,5350,5350,5350,5350,5350,5350
536,27250,5360,5360,5360,5360,5360,5360
537,27300,5370,5370,5370,5370,5370,5370
538,27350,5380,5380,5380,5380,5380,5380
539,27400,5390,5390,5390,5390,5390,5390
540,27450,5400,5400,5400,5400,5400,5400
541,27500,5410,5410,5410,5410,5410,5410
542,27550,5420,5420,5420,5420,5420,5420
543,27600,5430,5430,5430,5430,5430,5430
544,27650,5440,5440,5440,5440,5440,5440
545,27700,5450,5450,5450,5450,5450,5450
546,27750,5460,5460,5460,5460,5460,5460
547,27800,5470,5470,5470,5470,5470,5470
548,27850,5480,5480,5480,5480,5480,5480
549,27900,5490,5490,5490,5490,5490,5490
550,27950,5500,5500,5500,5500,5500,5500
551,28000,5510,5510,5510,5510,5510,5510
552,28050,5520,5520,5520,5520,5520,5520
553,28100,5530,5530,5530,5530,5530,5530
554,28150,5540,5540,5540,5540,5540,5540
555,28200,5550,5550,5550,5550,5550,5550
556,28250,5560,5560,5560,5560,5560,5560
557,28300,5570,5570,5570,5570,5570,5570
558,28350,5580,5580,5580,5580,5580,5580
559,28400,5590,5590,5590,5590,5590,5590
560,28450,5600,5600,5600,5600,5600,5600
561,28500,5610,5610,5610,5610,5610,5610
562,28550,5620,5620,5620,5620,5620,5620
563,28600,5630,5630,5630,5630,5630,5630
564,28650,5640,5640,5640,5640,5640,5640
565,28700,5650,5650,5650,5650,5650,5650
566,28750,5660,5660,5660,5660,5660,5660
567,28800,5670,5670,5670,5670,5670,5670
568,28850,5680,5680,5680,5680,5680,5680
569,28900,5690,5690,5690,5690,5690,5690
570,28950,5700,5700,5700,5700,5700,5700
571,29000,5710,5710,5710,5710,5710,5710
572,29050,5720,5720,5720,5720,5720,5720
573,29100,5730,5730,5730,5730,5730,5730
574,29150,5740,5740,5740,5740,5740,5740
575,29200,5750,5750,5750,5750,5750,5750
576,29250,5760,5760,5760,5760,5760,5760
577,29300,5770,5770,5770,5770,5770,5770
578,29350,5780,5780,5780,5780,5780,5780
579,29400,5790,5790,5790,5790,5790,5790
580,29450,5800,5800,5800,5800,5800,5800
581,29500,5810,5810,5810,5810,5810,5810
582,29550,5820,5820,5820,5820,5820,5820
583,29600,5830,5830,5830,5830,5830,5830
584,29650,5840,5840,5840,5840,5840,5840
585,29700,5850,5850,5850,5850,5850,5850
586,29750,5860,5860,5860,5860,5860,5860
587,29800,5870,5870,5870,5870,5870,5870
588,29850,5880,5880,5880,5880,5880,5880
589,29900,5890,5890,5890,5890,5890,5890
590,29950,5900,5900,5900,5900,5900,5900
591,30000,5910,5910,5910,5910,5910,5910
592,30050,5920,5920,5920,5920,5920,5920
593,30100,5930,5930,5930,5930,5930,5930
594,30150,5940,5940,5940,5940,5940,5940
595,30200,5950,5950,5950,5950,5950,5950
596,30250,5960,5960,5960,5960,5960,5960
597,30300,5970,5970,5970,5970,5970,5970
598,30350,5980,5980,5980,5980,5980,5980
599,30400,5990,5990,5990,5990,5990,5990
600,30450,6000,6000,6000,6000,6000,6000
601,30500,6010,6010,6010,6010,6010,6010
602,30550,6020,6020,6020,6020,6020,6020
603,30600,6030,6030,6030,6030,6030,6030
604,30650,6040,6040,6040,6040,6040,6040
605,30700,6050,6050,6050,6050,6050,6050
606,30750,6060,6060,6060,6060,6060,6060
607,30800,6070,6070,6070,6070,6070,6070
608,30850,6080,6080,6080,6080,6080,6080
609,30900,6090,6090,6090,6090,6090,6090
610,30950,6100,6100,6100,6100,6100,6100
611,31000,6110,6110,6110,6110,6110,6110
612,31050,6120,6120,6120,6120,6120,6120
613,31100,6130,6130,6130,6130,6130,6130
614,31150,6140,6140,6140,6140,6140,6140
615,31200,6150,6150,6150,6150,6150,6150
616,31250,6160,6160,6160,6160,6160,6160
617,31300,6170,6170,6170,6170,6170,6170
618,31350,6180,6180,6180,6180,6180,6180
619,31400,6190,6190,6190,6190,6190,6190
620,31450,6200,6200,6200,6200,6200,6200
621,31500,6210,6210,6210,6210,6210,6210
622,31550,6220,6220,6220,6220,6220,6220
623,31600,6230,6230,6230,6230,6230,6230
624,31650,6240,6240,6240,6240,6240,6240
625,31700,6250,6250,6250,6250,6250,6250
626,31750,6260,6260,6260,6260,6260,6260
627,31800,6270,6270,6270,6270,6270,6270
628,31850,6280,6280,6280,6280,6280,6280
629,31900,6290,6290,6290,6290,6290,6290
630,31950,6300,6300,6300,6300,6300,6300
631,32000,6310,6310,6310,6310,6310,6310
632,32050,6320,6320,6320,6320,6320,6320
633,32100,6330,6330,6330,6330,6330,6330
634,32150,6340,6340,6340,6340,6340,6340
635,32200,6350,6350,6350,6350,6350,6350
636,32250,6360,6360,6360,6360,6360,6360
637,32300,6370,6370,6370,6370,6370,6370
638,32350,6380,6380,6380,6380,6380,6380
639,32400,6390,6390,6390,6390,6390,6390
640,32450,6400,6400,6400,6400,6400,6400
641,32500,6410,6410,6410,6410,6410,6410
642,32550,6420,6420,6420,6420,6420,6420
643,32600,6430,6430,6430,6430,6430,6430
644,32650,6440,6440,6440,6440,6440,6440
645,32700,6450,6450,6450,6450,6450,6450
646,32750,6460,6460,6460,6460,6460,6460
647,32800,6470,6470,6470,6470,6470,6470
648,32850,6480,6480,6480,6480,6480,6480
649,32900,6490,6490,6490,6490,6490,6490
650,32950,6500,6500,6500,6500,6500,6500
651,33000,6510,6510,6510,6510,6510,6510
652,33050,6520,6520,6520,6520,6520,6520
653,33100,6530,6530,6530,6530,6530,6530
654,33150,6540,6540,6540,6540,6540,6540
655,33200,6550,6550,6550,6550,6550,6550
656,33250,6560,6560,6560,6560,6560,6560
657,33300,6570,6570,6570,6570,6570,6570
658,33350,6580,6580,6580,6580,6580,6580
659,33400,6590,6590,6590,6590,6590,6590
660,33450,6600,6600,6600,6600,6600,6600
661,33500,6610,6610,6610,6610,6610,6610
662,33550,6620,6620,6620,6620,6620,6620
663,33600,6630,6630,6630,6630,6630,6630
664,33650,6640,6640,6640,6640,6640,6640
665,33700,6650,6650,6650,6650,6650,6650
666,33750,6660,6660,6660,6660,6660,6660
667,33800,6670,6670,6670,6670,6670,6670
668,33850,6680,6680,6680,6680,6680,6680
669,33900,6690,6690,6690,6690,6690,6690
670,33950,6700,6700,6700,6700,6700,6700
671,34000,6710,6710,6710,6710,6710,6710
672,34050,6720,6720,6720,6720,6720,6720
673,34100,6730,6730,6730,6730,6730,6730
674,34150,6740,6740,6740,6740,6740,6740
675,34200,6750,6750,6750,6750,6750,6750
676,34250,6760,6760,6760,6760,6760,6760
677,34300,6770,6770,6770,6770,6770,6770
678,34350,6780,6780,6780,6780,6780,6780
679,34400,6790,6790,6790,6790,6790,6790
680,34450,6800,6800,6800,6800,6800,6800
681,34500,6810,6810,6810,6810,6810,6810
682,34550,6820,6820,6820,6820,6820,6820
683,34600,6830,6830,6830,6830,6830,6830
684,34650,6840,6840,6840,6840,6840,6840
685,34700,6850,6850,6850,6850,6850,6850
686,34750,6860,6860,6860,6860,6860,6860
687,34800,6870,6870,6870,6870,6870,6870
688,34850,6880,6880,6880,6880,6880,6880
689,34900,6890,6890,6890,6890,6890,6890
690,34950,6900,6900,6900,6900,6900,6900
691,35000,6910,6910,6910,6910,6910,6910
692,35050,6920,6920,6920,6920,6920,6920
693,35100,6930,6930,6930,6930,6930,6930
694,35150,6940,6940,6940,6940,6940,6940
695,35200,6950,6950,6950,6950,6950,6950
696,35250,6960,6960,6960,6960,6960,6960
697,35300,6970,6970,6970,6970,6970,6970
698,35350,6980,6980,6980,6980,6980,6980
699,35400,6990,6990,6990,6990,6990,6990
700,35450,7000,7000,7000,7000,7000,7000
701,35500,7010,7010,7010,7010,7010,7010
702,35550,7020,7020,7020,7020,7020,7020
703,35600,7030,7030,7030,7030,7030,7030
704,35650,7040,7040,7040,7040,7040,7040
705,35700,7050,7050,7050,7050,7050,7050
706,35750,7060,7060,7060,7060,7060,7060
707,35800,7070,7070,7070,7070,7070,7070
708,35850,7080,7080,7080,7080,7080,7080
709,35900,7090,7090,7090,7090,7090,7090
710,35950,7100,7100,7100,7100,7100,7100
711,36000,7110,7110,7110,7110,7110,7110
712,36050,7120,7120,7120,7120,7120,7120
713,36100,7130,7130,7130,7130,7130,7130
714,36150,7140,7140,7140,7140,7140,7140
715,36200,7150,7150,7150,7150,7150,7150
716,36250,7160,7160,7160,7160,7160,7160
717,36300,7170,7170,7170,7170,7170,7170
718,36350,7180,7180,7180,7180,7180,7180
719,36400,7190,7190,7190,7190,7190,7190
720,36450,7200,7200,7200,7200,7200,7200
721,36500,7210,7210,7210,7210,7210,7210
722,36550,7220,7220,7220,7220,7220,7220
723,36600,7230,7230,7230,7230,7230,7230
724,36650,7240,7240,7240,7240,7240,7240
725,36700,7250,7250,7250,7250,7250,7250
726,36750,7260,7260,7260,7260,7260,7260
727,36800,7270,7270,7270,7270,7270,7270
728,36850,7280,7280,7280,7280,7280,7280
729,36900,7290,7290,7290,7290,7290,7290
730,36950,7300,7300,7300,7300,7300,7300
731,37000,7310,7310,7310,7310,7310,7310
732,37050,7320,7320,7320,7320,7320,7320
733,37100,7330,7330,7330,7330,7330,7330
734,37150,7340,7340,7340,7340,7340,7340
735,37200,7350,7350,7350,7350,7350,7350
736,37250,7360,7360,7360,7360,7360,7360
737,37300,7370,7370,7370,7370,7370,7370
738,37350,7380,7380,7380,7380,7380,7380
739,37400,7390,7390,7390,7390,7390,7390
740,37450,7400,7400,7400,7400,7400,7400
741,37500,7410,7410,7410,7410,7410,7410
742,37550,7420,7420,7420,7420,7420,7420
743,37600,7430,7430,7430,7430,7430,7430
744,37650,7440,7440,7440,7440,7440,7440
745,37700,7450,7450,7450,7450,7450,7450
746,37750,7460,7460,7460,7460,7460,7460
747,37800,7470,7470,7470,7470,7470,7470
748,37850,7480,7480,7480,7480,7480,7480
749,37900,7490,7490,7490,7490,7490,7490
750,37950,7500,7500,7500,7500,7500,7500
751,38000,7510,7510,7510,7510,7510,7510
752,38050,7520,7520,7520,7520,7520,7520
753,38100,7530,7530,7530,7530,7530,7530
754,38150,7540,7540,7540,7540,7540,7540
755,38200,7550,7550,7550,7550,7550,7550
756,38250,7560,7560,7560,7560,7560,7560
757,38300,7570,7570,7570,7570,7570,7570
758,38350,7580,7580,7580,7580,7580,7580
759,38400,7590,7590,7590,7590,7590,7590
760,38450,7600,7600,7600,7600,7600,7600
761,38500,7610,7610,7610,7610,7610,7610
762,38550,7620,7620,7620,7620,7620,7620
763,38600,7630,7630,7630,7630,7630,7630
764,38650,7640,7640,7640,7640,7640,7640
765,38700,7650,7650,7650,7650,7650,7650
766,38750,7660,7660,7660,7660,7660,7660
767,38800,7670,7670,7670,7670,7670,7670
768,38850,7680,7680,7680,7680,7680,7680
769,38900,7690,7690,7690,7690,7690,7690
770,38950,7700,7700,7700,7700,7700,7700
771,39000,7710,7710,7710,7710,7710,7710
772,39050,7720,7720,7720,7720,7720,7720
773,39100,7730,7730,7730,7730,7730,7730
774,39150,7740,7740,7740,7740,7740,7740
775,39200,7750,7750,7750,7750,7750,7750
776,39250,7760,7760,7760,7760,7760,7760
777,39300,7770,7770,7770,7770,7770,7770
778,39350,7780,7780,7780,7780,7780,7780
779,39400,7790,7790,7790,7790,7790,7790
780,39450,7800,7800,7800,7800,7800,7800
781,39500,7810,7810,7810,7810,7810,7810
782,39550,7820,7820,7820,7820,7820,7820
783,39600,7830,7830,7830,7830,7830,7830
784,39650,7840,7840,7840,7840,7840,7840
785,39700,7850,7850,7850,7850,7850,7850
786,39750,7860,7860,7860,7860,7860,7860
787,39800,7870,7870,7870,7870,7870,7870
788,39850,7880,7880,7880,7880,7880,7880
789,39900,7890,7890,7890,7890,7890,7890
790,39950,7900,7900,7900,7900,7900,7900
791,40000,7910,7910,7910,7910,7910,7910
792,40050,7920,7920,7920,7920,7920,7920
793,40100,7930,7930,7930,7930,7930,7930
794,40150,7940,7940,7940,7940,7940,7940
795,40200,7950,7950,7950,7950,7950,7950
796,40250,7960,7960,7960,7960,7960,7960
797,40300,7970,7970,7970,7970,7970,7970
798,40350,7980,7980,7980,7980,7980,7980
799,40400,7990,7990,7990,7990,7990,7990
800,40450,8000,8000,8000,8000,8000,8000
801,40500,8010,8010,8010,8010,8010,8010
802,40550,8020,8020,8020,8020,8020,8020
803,40600,8030,8030,8030,8030,8030,8030
804,40650,8040,8040,8040,8040,8040,8040
805,40700,8050,8050,8050,8050,8050,8050
806,40750,8060,8060,8060,8060,8060,8060
807,40800,8070,8070,8070,8070,8070,8070
808,40850,8080,8080,8080,8080,8080,8080
809,40900,8090,8090,8090,8090,8090,8090
810,40950,8100,8100,8100,8100,8100,8100
811,41000,8110,8110,8110,8110,8110,8110
812,41050,8120,8120,8120,8120,8120,8120
813,41100,8130,8130,8130,8130,8130,8130
814,41150,8140,8140,8140,8140,8140,8140
815,41200,8150,8150,8150,8150,8150,8150
816,41250,8160,8160,8160,8160,8160,8160
817,41300,8170,8170,8170,8170,8170,8170
818,41350,8180,8180,8180,8180,8180,8180
819,41400,8190,8190,8190,8190,8190,8190
820,41450,8200,8200,8200,8200,8200,8200
821,41500,8210,8210,8210,8210,8210,8210
822,41550,8220,8220,8220,8220,8220,8220
823,41600,8230,8230,8230,8230,8230,8230
824,41650,8240,8240,8240,8240,8240,8240
825,41700,8250,8250,8250,8250,8250,8250
826,41750,8260,8260,8260,8260,8260,8260
827,41800,8270,8270,8270,8270,8270,8270
828,41850,8280,8280,8280,8280,8280,8280
829,41900,8290,8290,8290,8290,8290,8290
830,41950,8300,8300,8300,8300,8300,8300
831,42000,8310,8310,8310,8310,8310,8310
832,42050,8320,8320,8320,8320,8320,8320
833,42100,8330,8330,8330,8330,8330,8330
834,42150,8340,8340,8340,8340,8340,8340
835,42200,8350,8350,8350,8350,8350,8350
836,42250,8360,8360,8360,8360,8360,8360
837,42300,8370,8370,8370,8370,8370,8370
838,42350,8380,8380,8380,8380,8380,8380
839,42400,8390,8390,8390,8390,8390,8390
840,42450,8400,8400,8400,8400,8400,8400
841,42500,8410,8410,8410,8410,8410,8410
842,42550,8420,8420,8420,8420,8420,8420
843,42600,8430,8430,8430,8430,8430,8430
844,42650,8440,8440,8440,8440,8440,8440
845,42700,8450,8450,8450,8450,8450,8450
846,42750,8460,8460,8460,8460,8460,8460
847,42800,8470,8470,8470,8470,8470,8470
848,42850,8480,8480,8480,8480,8480,8480
849,42900,8490,8490,8490,8490,8490,8490
850,42950,8500,8500,8500,8500,8500,8500
851,43000,8510,8510,8510,8510,8510,8510
852,43050,8520,8520,8520,8520,8520,8520
853,43100,8530,8530,8530,8530,8530,8530
854,43150,8540,8540,8540,8540,8540,8540
855,43200,8550,8550,8550,8550,8550,8550
856,43250,8560,8560,8560,8560,8560,8560
857,43300,8570,8570,8570,8570,8570,8570
858,43350,8580,8580,8580,8580,8580,8580
859,43400,8590,8590,8590,8590,8590,8590
860,43450,8600,8600,8600,8600,8600,8600
861,43500,8610,8610,8610,8610,8610,8610
862,43550,8620,8620,8620,8620,8620,8620
863,43600,8630,8630,8630,8630,8630,8630
864,43650,8640,8640,8640,8640,8640,8640
865,43700,8650,8650,8650,8650,8650,8650
866,43750,8660,8660,8660,8660,8660,8660
867,43800,8670,8670,8670,8670,8670,8670
868,43850,8680,8680,8680,8680,8680,8680
869,43900,8690,8690,8690,8690,8690,8690
870,43950,8700,8700,8700,8700,8700,8700
871,44000,8710,8710,8710,8710,8710,8710
872,44050,8720,8720,8720,8720,8720,8720
873,44100,8730,8730,8730,8730,8730,8730
874,44150,8740,8740,8740,8740,8740,8740
875,44200,8750,8750,8750,8750,8750,8750
876,44250,8760,8760,8760,8760,8760,8760
877,44300,8770,8770,8770,8770,8770,8770
878,44350,8780,8780,8780,8780,8780,8780
879,44400,8790,8790,8790,8790,8790,8790
880,44450,8800,8800,8800,8800,8800,8800
881,44500,8810,8810,8810,8810,8810,8810
882,44550,8820,8820,8820,8820,8820,8820
883,44600,8830,8830,8830,8830,8830,8830
884,44650,8840,8840,8840,8840,8840,8840
885,44700,8850,8850,8850,8850,8850,8850
886,44750,8860,8860,8860,8860,8860,8860
887,44800,8870,8870,8870,8870,8870,8870
888,44850,8880,8880,8880,8880,8880,8880
889,44900,8890,8890,8890,8890,8890,8890
890,44950,8900,8900,8900,8900,8900,8900
891,45000,8910,8910,8910,8910,8910,8910
892,45050,8920,8920,8920,8920,8920,8920
893,45100,8930,8930,8930,8930,8930,8930
894,45150,8940,8940,8940,8940,8940,8940
895,45200,8950,8950,8950,8950,8950,8950
896,45250,8960,8960,8960,8960,8960,8960
897,45300,8970,8970,8970,8970,8970,8970
898,45350,8980,8980,8980,8980,8980,8980
899,45400,8990,8990,8990,8990,8990,8990
900,45450,9000,9000,9000,9000,9000,9000
901,45500,9010,9010,9010,9010,9010,9010
902,45550,9020,9020,9020,9020,9020,9020
903,45600,9030,9030,9030,9030,9030,9030
904,45650,9040,9040,9040,9040,9040,9040
905,45700,9050,9050,9050,9050,9050,9050
906,45750,9060,9060,9060,9060,9060,9060
907,45800,9070,9070,9070,9070,9070,9070
908,45850,9080,9080,9080,9080,9080,9080
909,45900,9090,9090,9090,9090,9090,9090
910,45950,9100,9100,9100,9100,9100,9100
911,46000,9110,9110,9110,9110,9110,9110
912,46050,9120,9120,9120,9120,9120,9120
913,46100,9130,9130,9130,9130,9130,9130
914,46150,9140,9140,9140,9140,9140,9140
915,46200,9150,9150,9150,9150,9150,9150
916,46250,9160,9160,9160,9160,9160,9160
917,46300,9170,9170,9170,9170,9170,9170
918,46350,9180,9180,9180,9180,9180,9180
919,46400,9190,9190,9190,9190,9190,9190
920,46450,9200,9200,9200,9200,9200,9200
921,46500,9210,9210,9210,9210,9210,9210
922,46550,9220,9220,9220,9220,9220,9220
923,46600,9230,9230,9230,9230,9230,9230
924,46650,9240,9240,9240,9240,9240,9240
925,46700,9250,9250,9250,9250,9250,9250
926,46750,9260,9260,9260,9260,9260,9260
927,46800,9270,9270,9270,9270,9270,9270
928,46850,9280,9280,9280,9280,9280,9280
929,46900,9290,9290,9290,9290,9290,9290
930,46950,9300,9300,9300,9300,9300,9300
931,47000,9310,9310,9310,9310,9310,9310
932,47050,9320,9320,9320,9320,9320,9320
933,47100,9330,9330,9330,9330,9330,9330
934,47150,9340,9340,9340,9340,9340,9340
935,47200,9350,9350,9350,9350,9350,9350
936,47250,9360,9360,9360,9360,9360,9360
937,47300,9370,9370,9370,9370,9370,9370
938,47350,9380,9380,9380,9380,9380,9380
939,47400,9390,9390,9390,9390,9390,9390
940,47450,9400,9400,9400,9400,9400,9400
941,47500,9410,9410,9410,9410,9410,9410
942,47550,9420,9420,9420,9420,9420,9420
943,47600,9430,9430,9430,9430,9430,9430
944,47650,9440,9440,9440,9440,9440,9440
945,47700,9450,9450,9450,9450,9450,9450
946,47750,9460,9460,9460,9460,9460,9460
947,47800,9470,9470,9470,9470,9470,9470
948,47850,9480,9480,9480,9480,9480,9480
949,47900,9490,9490,9490,9490,9490,9490
950,47950,9500,9500,9500,9500,9500,9500
951,48000,9510,9510,9510,9510,9510,9510
952,48050,9520,9520,9520,9520,9520,9520
953,48100,9530,9530,9530,9530,9530,9530
954,48150,9540,9540,9540,9540,9540,9540
955,48200,9550,9550,9550,9550,9550,9550
956,48250,9560,9560,9560,9560,9560,9560
957,48300,9570,9570,9570,9570,9570,9570
958,48350,9580,9580,9580,9580,9580,9580
959,48400,9590,9590,9590,9590,9590,9590
960,48450,9600,9600,9600,9600,9600,9600
961,48500,9610,9610,9610,9610,9610,9610
962,48550,9620,9620,9620,9620,9620,9620
963,48600,9630,9630,9630,9630,9630,9630
964,48650,9640,9640,9640,9640,9640,9640
965,48700,9650,9650,9650,9650,9650,9650
966,48750,9660,9660,9660,9660,9660,9660
967,48800,9670,9670,9670,9670,9670,9670
968,48850,9680,9680,9680,9680,9680,9680
969,48900,9690,9690,9690,9690,9690,9690
970,48950,9700,9700,9700,9700,9700,9700
971,49000,9710,9710,9710,9710,9710,9710
972,49050,9720,9720,9720,9720,9720,9720
973,49100,9730,9730,9730,9730,9730,9730
974,49150,9740,9740,9740,9740,9740,9740
975,49200,9750,9750,9750,9750,9750,9750
976,49250,9760,9760,9760,9760,9760,9760
977,49300,9770,9770,9770,9770,9770,9770
978,49350,9780,9780,9780,9780,9780,9780
979,49400,9790,9790,9790,9790,9790,9790
980,49450,9800,9800,9800,9800,9800,9800
981,49500,9810,9810,9810,9810,9810,9810
982,49550,9820,9820,9820,9820,9820,9820
983,49600,9830,9830,9830,9830,9830,9830
984,49650,9840,9840,9840,9840,9840,9840
985,49700,9850,9850,9850,9850,9850,9850
986,49750,9860,9860,9860,9860,9860,9860
987,49800,9870,9870,9870,9870,9870,9870
988,49850,9880,9880,9880,9880,9880,9880
989,49900,9890,9890,9890,9890,9890,9890
990,49950,9900,9900,9900,9900,9900,9900
991,50000,9910,9910,9910,9910,9910,9910
992,50050,9920,9920,9920,9920,9920,9920
993,50100,9930,9930,9930,9930,9930,9930
994,50150,9940,9940,9940,9940,9940,9940
995,50200,9950,9950,9950,9950,9950,9950
996,50250,9960,9960,9960,9960,9960,9960
997,50300,9970,9970,9970,9970,9970,9970
998,50350,9980,9980,9980,9980,9980,9980
999,50400,9990,9990,9990,9990,9990,9990